0;_Launcher_mx_managers_SystemManager
2;mx.skins.cursor.BusyCursor
6;mx.skins.cursor.DragLink
9;mx.skins.cursor.DragReject
10;mx.skins.cursor.DragMove
12;mx.skins.cursor.DragCopy
13;mx.graphics.shaderClasses.LuminosityShader_ShaderClass
14;mx.graphics.shaderClasses.SaturationShader_ShaderClass
15;mx.graphics.shaderClasses.SoftLightShader_ShaderClass
16;mx.graphics.shaderClasses.ColorDodgeShader_ShaderClass
17;mx.graphics.shaderClasses.ExclusionShader_ShaderClass
18;mx.graphics.shaderClasses.ColorShader_ShaderClass
19;mx.graphics.shaderClasses.HueShader_ShaderClass
20;mx.graphics.shaderClasses.ColorBurnShader_ShaderClass
21;mx.graphics.shaderClasses.LuminosityMaskShader_ShaderClass
22;ClickSound
23;MusicDeadlyTalk
24;MusicAfricanAfternoon
25;MusicOgzTheme
26;MusicTakeFlight
27;MusicBloodRitual
28;MusicBigMojo
29;MusicKillingMachines
30;MusicAfterTheBattle
31;MusicArcadia
32;LogoCrackSound
36;LogoRightKnuckle
39;LogoLeftKnuckle
40;spark.skins.spark.windowChrome.MaximizeButtonSkin__embed_mxml________________assets_win_max_over_png_1267058734
41;spark.skins.spark.windowChrome.MaximizeButtonSkin__embed_mxml________________assets_win_max_up_png_1974051840
42;spark.skins.spark.windowChrome.MaximizeButtonSkin__embed_mxml________________assets_win_max_dis_png_1951611872
43;spark.skins.spark.windowChrome.MaximizeButtonSkin__embed_mxml________________assets_win_max_down_png_258463314
44;spark.skins.spark.windowChrome.CloseButtonSkin__embed_mxml________________assets_win_close_down_png_1839218914
45;spark.skins.spark.windowChrome.CloseButtonSkin__embed_mxml________________assets_win_close_up_png_255485360
46;spark.skins.spark.windowChrome.CloseButtonSkin__embed_mxml________________assets_win_close_over_png_1631600770
47;spark.skins.spark.windowChrome.MinimizeButtonSkin__embed_mxml________________assets_win_min_over_png_1931109806
48;spark.skins.spark.windowChrome.MinimizeButtonSkin__embed_mxml________________assets_win_min_dis_png_1162909124
49;spark.skins.spark.windowChrome.MinimizeButtonSkin__embed_mxml________________assets_win_min_down_png_283524818
50;spark.skins.spark.windowChrome.MinimizeButtonSkin__embed_mxml________________assets_win_min_up_png_1376175068
51;spark.skins.spark.windowChrome.RestoreButtonSkin__embed_mxml________________assets_win_restore_over_png_1985754978
52;spark.skins.spark.windowChrome.RestoreButtonSkin__embed_mxml________________assets_win_restore_up_png_1708109980
53;spark.skins.spark.windowChrome.RestoreButtonSkin__embed_mxml________________assets_win_restore_down_png_1856788178
54;spark.skins.spark.windowChrome.MacCloseButtonSkin__embed_mxml________________assets_mac_close_up_png_1796546990
55;spark.skins.spark.windowChrome.MacCloseButtonSkin__embed_mxml________________assets_mac_close_down_png_1547681664
56;spark.skins.spark.windowChrome.MacCloseButtonSkin__embed_mxml________________assets_mac_close_over_png_834666916
57;spark.skins.spark.windowChrome.MacMaximizeButtonSkin__embed_mxml________________assets_mac_max_over_png_212744796
58;spark.skins.spark.windowChrome.MacMaximizeButtonSkin__embed_mxml________________assets_mac_max_dis_png_1422966258
59;spark.skins.spark.windowChrome.MacMaximizeButtonSkin__embed_mxml________________assets_mac_max_up_png_594093074
60;spark.skins.spark.windowChrome.MacMaximizeButtonSkin__embed_mxml________________assets_mac_max_down_png_256205920
61;spark.skins.spark.windowChrome.MacMinimizeButtonSkin__embed_mxml________________assets_mac_min_over_png_79576656
62;spark.skins.spark.windowChrome.MacMinimizeButtonSkin__embed_mxml________________assets_mac_min_dis_png_1196890914
63;spark.skins.spark.windowChrome.MacMinimizeButtonSkin__embed_mxml________________assets_mac_min_up_png_1706595330
64;spark.skins.spark.windowChrome.MacMinimizeButtonSkin__embed_mxml________________assets_mac_min_down_png_1328883236
65;PlaceExplosionSound
66;LandSound
67;DroneSound
68;UpgradeAvailableSound
69;CityInRiftSound
70;MoveSound
71;GunSound
72;NodeOffSound
73;NodeOnSound
74;AirAttackSound
75;AreaGunExplosionSound
77;MineBody
78;CityDamageSound
79;CityExplosionSound
80;ThorEngineSound
81;ThorGunSound
82;ThorLaunchSound
83;TotemActivateSound
84;RiftOpenPopSound
85;HoleOpenSound
86;RiftOpenSound
90;TotemBody
91;AreaGunSound
92;BlobExplosionSound
93;MissileLaunchSound
94;NexusDestroyedSound
96;StarGreen
98;StarBlue
100;StarGold
102;StarRed
177;fl.controls.DataGrid
178;MusicOperaHouse
174;fl.controls.ScrollBar
142;fl.controls.listClasses.CellRenderer
159;ScrollArrowDown_overSkin
131;CellRenderer_downSkin
139;CellRenderer_selectedOverSkin
116;HeaderRenderer_selectedDownSkin
144;focusRectSkin
121;fl.controls.dataGridClasses.HeaderRenderer
109;HeaderRenderer_disabledSkin
168;ScrollArrowDown_upSkin
167;ScrollThumb_upSkin
127;CellRenderer_upSkin
171;ScrollArrowUp_disabledSkin
150;ScrollTrack_skin
170;ScrollArrowDown_disabledSkin
118;HeaderRenderer_selectedOverSkin
111;HeaderRenderer_downSkin
153;ScrollArrowUp_downSkin
161;ScrollThumb_overSkin
129;CellRenderer_disabledSkin
107;HeaderRenderer_upSkin
155;ScrollArrowDown_downSkin
123;HeaderSortArrow_ascIcon
120;HeaderRenderer_selectedUpSkin
137;CellRenderer_selectedDownSkin
105;fl.core.ComponentShim
176;DataGridCellEditor_skin
173;ScrollBar_thumbIcon
146;ColumnStretch_cursor
133;CellRenderer_overSkin
163;ScrollArrowUp_overSkin
115;HeaderRenderer_selectedDisabledSkin
135;CellRenderer_selectedDisabledSkin
113;HeaderRenderer_overSkin
125;HeaderSortArrow_descIcon
165;ScrollArrowUp_upSkin
157;ScrollThumb_downSkin
141;CellRenderer_selectedUpSkin
148;DataGrid_skin
179;fl.controls.TextInput
180;_class_embed_css_win_min_down_png__124159483_666259697
181;com.wbwar.creeper.screens.MainMenu_titleTextImage
53;spark.skins.spark.windowChrome.RestoreButtonSkin__embed_mxml________________assets_win_restore_down_png_1856788178
182;_class_embed_css_win_max_down_png__598585549_267471251
183;com.wbwar.creeper.games.SpecialGame4_gameData
13;mx.graphics.shaderClasses.LuminosityShader_ShaderClass
184;com.wbwar.creeper.screens.MainMenu_titleImage
185;com.wbwar.creeper.games.Game13_gameData
186;com.wbwar.creeper.ABM_barrelImage
187;Creeper_efontsmall
188;com.wbwar.creeper.games.Game7_gameData
189;com.wbwar.creeper.GlopProducer_bodyImage
190;_class_embed_css_mac_min_dis_png__1611756140_145494162
2;_class_embed_css_Assets_swf_1021116302_mx_skins_cursor_BusyCursor_691289643
191;com.wbwar.creeper.dialogs.help.BasicPage_basic4Image
192;_class_embed_css_mac_max_dis_png__934323546_1821642208
43;spark.skins.spark.windowChrome.MaximizeButtonSkin__embed_mxml________________assets_win_max_down_png_258463314
168;ScrollArrowDown_upSkin
193;com.wbwar.creeper.screens.FreeplayMissionSelection_backgroundImage
174;fl.controls.ScrollBar
194;com.wbwar.creeper.screens.CustomMissionSelection_backgroundImage
195;com.wbwar.creeper.games.Game0_gameData
196;_class_embed_css_win_restore_up_png__1839956926_1927156900
64;spark.skins.spark.windowChrome.MacMinimizeButtonSkin__embed_mxml________________assets_mac_min_down_png_1328883236
79;CityExplosionSound
27;MusicBloodRitual
86;RiftOpenSound
82;ThorLaunchSound
52;spark.skins.spark.windowChrome.RestoreButtonSkin__embed_mxml________________assets_win_restore_up_png_1708109980
197;com.wbwar.creeper.Walls_wallImage
198;com.wbwar.creeper.ABM_bodyImage
77;MineBody
199;_class_embed_css_mac_max_down_png__1992513376_945839942
56;spark.skins.spark.windowChrome.MacCloseButtonSkin__embed_mxml________________assets_mac_close_over_png_834666916
155;ScrollArrowDown_downSkin
92;BlobExplosionSound
123;HeaderSortArrow_ascIcon
200;com.wbwar.creeper.UpgradeBox_bodyImage
120;HeaderRenderer_selectedUpSkin
137;CellRenderer_selectedDownSkin
57;spark.skins.spark.windowChrome.MacMaximizeButtonSkin__embed_mxml________________assets_mac_max_over_png_212744796
201;com.wbwar.creeper.games.Game18_gameData
17;mx.graphics.shaderClasses.ExclusionShader_ShaderClass
146;ColumnStretch_cursor
202;com.wbwar.creeper.GlopBlob_bodyImage
203;_class_embed_css_win_restore_over_png_2065603323_692735749
163;ScrollArrowUp_overSkin
36;LogoRightKnuckle
40;spark.skins.spark.windowChrome.MaximizeButtonSkin__embed_mxml________________assets_win_max_over_png_1267058734
67;DroneSound
204;com.wbwar.creeper.dialogs.help.BasicPage_basic2Image
84;RiftOpenPopSound
125;HeaderSortArrow_descIcon
205;com.wbwar.creeper.Terrain_terrain4Image
206;com.wbwar.creeper.Terrain_terrain1Image
207;com.wbwar.creeper.dialogs.help.AdvPage_adv4Image
12;_class_embed_css_Assets_swf_1021116302_mx_skins_cursor_DragCopy_1009469077
73;NodeOnSound
29;MusicKillingMachines
208;_class_embed_css_mac_min_up_png_300628523_1886066005
209;com.wbwar.creeper.games.Game15_gameData
194;com.wbwar.creeper.screens.UnchartedMissionSelection_backgroundImage
210;com.wbwar.creeper.games.Game2_gameData
148;DataGrid_skin
58;spark.skins.spark.windowChrome.MacMaximizeButtonSkin__embed_mxml________________assets_mac_max_dis_png_1422966258
211;_class_embed_css_win_min_dis_png_1896892577_1152047061
159;ScrollArrowDown_overSkin
212;com.wbwar.creeper.Terrain_terrain3Image
139;CellRenderer_selectedOverSkin
213;com.wbwar.creeper.games.SpecialGame7_gameData
16;mx.graphics.shaderClasses.ColorDodgeShader_ShaderClass
214;com.wbwar.creeper.Terrain_terrain2Image
215;com.wbwar.creeper.screens.Credits_ssImage9
216;com.wbwar.creeper.screens.AchievementsScreen_backgroundImage
217;com.wbwar.creeper.games.Game16_gameData
218;com.wbwar.creeper.Walls_superwallImage
109;HeaderRenderer_disabledSkin
47;spark.skins.spark.windowChrome.MinimizeButtonSkin__embed_mxml________________assets_win_min_over_png_1931109806
219;com.wbwar.creeper.screens.Credits_ssImage3
220;com.wbwar.creeper.screens.Credits_ssImage16
221;com.wbwar.creeper.screens.Credits_ssImage4
222;com.wbwar.creeper.screens.Credits_ssImage15
223;com.wbwar.creeper.screens.Credits_ssImage1
224;com.wbwar.creeper.screens.Credits_ssImage14
225;com.wbwar.creeper.screens.Credits_ssImage2
226;com.wbwar.creeper.games.SpecialGame1_gameData
227;com.wbwar.creeper.screens.Credits_ssImage7
228;com.wbwar.creeper.screens.Credits_ssImage13
102;StarRed
229;com.wbwar.creeper.screens.Credits_ssImage8
230;com.wbwar.creeper.screens.Credits_ssImage12
231;com.wbwar.creeper.screens.Credits_ssImage5
232;com.wbwar.creeper.screens.Credits_ssImage11
233;com.wbwar.creeper.games.Game9_gameData
234;com.wbwar.creeper.screens.Credits_ssImage6
235;com.wbwar.creeper.screens.Credits_ssImage10
167;ScrollThumb_upSkin
85;HoleOpenSound
24;MusicAfricanAfternoon
177;fl.controls.DataGrid
236;_class_embed_css_mac_close_down_png__1579768692_106697050
237;Launcher_efont
59;spark.skins.spark.windowChrome.MacMaximizeButtonSkin__embed_mxml________________assets_mac_max_up_png_594093074
238;_class_embed_css_mac_max_over_png_1404458962_1428323852
239;com.wbwar.creeper.games.SpecialGame8_gameData
240;_class_embed_css_mac_close_up_png__1223456315_1774944207
161;ScrollThumb_overSkin
129;CellRenderer_disabledSkin
60;spark.skins.spark.windowChrome.MacMaximizeButtonSkin__embed_mxml________________assets_mac_max_down_png_256205920
30;MusicAfterTheBattle
31;MusicArcadia
237;Creeper_efont
194;com.wbwar.creeper.screens.SpecialMissionSelection_backgroundImage
48;spark.skins.spark.windowChrome.MinimizeButtonSkin__embed_mxml________________assets_win_min_dis_png_1162909124
10;_class_embed_css_Assets_swf_1021116302_mx_skins_cursor_DragMove_1009756657
68;UpgradeAvailableSound
78;CityDamageSound
18;mx.graphics.shaderClasses.ColorShader_ShaderClass
115;HeaderRenderer_selectedDisabledSkin
241;_class_embed_css_win_max_dis_png__1720642125_32913309
135;CellRenderer_selectedDisabledSkin
242;com.wbwar.creeper.DroneBase_bodyImage
113;HeaderRenderer_overSkin
243;com.wbwar.creeper.dialogs.help.BasicPage_basic1Image
14;mx.graphics.shaderClasses.SaturationShader_ShaderClass
71;GunSound
142;fl.controls.listClasses.CellRenderer
165;ScrollArrowUp_upSkin
81;ThorGunSound
244;com.wbwar.creeper.games.Game3_gameData
157;ScrollThumb_downSkin
41;spark.skins.spark.windowChrome.MaximizeButtonSkin__embed_mxml________________assets_win_max_up_png_1974051840
20;mx.graphics.shaderClasses.ColorBurnShader_ShaderClass
245;_class_embed_css_win_close_up_png_170471512_1249503714
90;TotemBody
21;mx.graphics.shaderClasses.LuminosityMaskShader_ShaderClass
63;spark.skins.spark.windowChrome.MacMinimizeButtonSkin__embed_mxml________________assets_mac_min_up_png_1706595330
65;PlaceExplosionSound
19;mx.graphics.shaderClasses.HueShader_ShaderClass
246;com.wbwar.creeper.Drone_bodyImage
116;HeaderRenderer_selectedDownSkin
247;com.wbwar.creeper.games.Game1_gameData
144;focusRectSkin
32;LogoCrackSound
6;_class_embed_css_Assets_swf_1021116302_mx_skins_cursor_DragLink_1009731082
62;spark.skins.spark.windowChrome.MacMinimizeButtonSkin__embed_mxml________________assets_mac_min_dis_png_1196890914
83;TotemActivateSound
248;com.wbwar.creeper.games.Game19_gameData
249;com.wbwar.creeper.AreaGun_bodyImage
171;ScrollArrowUp_disabledSkin
72;NodeOffSound
74;AirAttackSound
170;ScrollArrowDown_disabledSkin
250;com.wbwar.creeper.games.Game6_gameData
251;_class_embed_css_mac_close_over_png_1817203646_1288905800
252;com.wbwar.creeper.Relay_bodyImage
253;com.wbwar.creeper.games.SpecialGame3_gameData
111;HeaderRenderer_downSkin
75;AreaGunExplosionSound
254;com.wbwar.creeper.dialogs.help.BasicPage_basic3Image
93;MissileLaunchSound
255;com.wbwar.creeper.games.Game12_gameData
107;HeaderRenderer_upSkin
66;LandSound
176;DataGridCellEditor_skin
256;_class_embed_css_gripper_up_png__636159774_1566529276
23;MusicDeadlyTalk
61;spark.skins.spark.windowChrome.MacMinimizeButtonSkin__embed_mxml________________assets_mac_min_over_png_79576656
173;ScrollBar_thumbIcon
257;com.wbwar.creeper.SurvivalPod_bodyImage
258;_class_embed_css_win_close_over_png_1352049041_1197728203
259;com.wbwar.creeper.screens.MissionSystem_starImage
105;fl.core.ComponentShim
260;com.wbwar.creeper.screens.MissionSelection_backgroundImage
94;NexusDestroyedSound
22;ClickSound
261;com.wbwar.creeper.dialogs.help.BasicPage_basic5Image
262;_class_embed_css_mac_min_over_png_1878885028_1616736942
25;MusicOgzTheme
46;spark.skins.spark.windowChrome.CloseButtonSkin__embed_mxml________________assets_win_close_over_png_1631600770
263;com.wbwar.creeper.dialogs.help.AdvPage_adv1Image
264;_class_embed_css_win_close_down_png__2044923297_1854112295
265;com.wbwar.creeper.Gun_bodyImage
266;com.wbwar.creeper.games.SpecialGame0_gameData
50;spark.skins.spark.windowChrome.MinimizeButtonSkin__embed_mxml________________assets_win_min_up_png_1376175068
267;com.wbwar.creeper.Totem_bodyTopImage
268;com.wbwar.creeper.games.SpecialGame5_gameData
141;CellRenderer_selectedUpSkin
45;spark.skins.spark.windowChrome.CloseButtonSkin__embed_mxml________________assets_win_close_up_png_255485360
91;AreaGunSound
39;LogoLeftKnuckle
269;com.wbwar.creeper.ABM_barrelTopImage
131;CellRenderer_downSkin
270;com.wbwar.creeper.games.Game10_gameData
271;com.wbwar.creeper.Logistics_bodyImage
272;_class_embed_css_mac_min_down_png__1518087310_1289878868
273;com.wbwar.creeper.games.Game4_gameData
274;com.wbwar.creeper.Gun_barrelImage
69;CityInRiftSound
275;_class_embed_css_win_max_up_png_435663404_1734890170
55;spark.skins.spark.windowChrome.MacCloseButtonSkin__embed_mxml________________assets_mac_close_down_png_1547681664
127;CellRenderer_upSkin
42;spark.skins.spark.windowChrome.MaximizeButtonSkin__embed_mxml________________assets_win_max_dis_png_1951611872
276;com.wbwar.creeper.games.Game11_gameData
150;ScrollTrack_skin
118;HeaderRenderer_selectedOverSkin
26;MusicTakeFlight
96;StarGreen
98;StarBlue
277;com.wbwar.creeper.games.Game17_gameData
100;StarGold
28;MusicBigMojo
278;com.wbwar.creeper.games.SpecialGame2_gameData
153;ScrollArrowUp_downSkin
279;com.wbwar.creeper.dialogs.help.AdvPage_adv3Image
280;com.wbwar.creeper.games.Game5_gameData
269;com.wbwar.creeper.Missile_bodyImage
179;fl.controls.TextInput
281;com.wbwar.creeper.Ruin_bodyImage
282;com.wbwar.creeper.dialogs.help.AdvPage_adv2Image
49;spark.skins.spark.windowChrome.MinimizeButtonSkin__embed_mxml________________assets_win_min_down_png_283524818
9;_class_embed_css_Assets_swf_1021116302_mx_skins_cursor_DragReject_477783457
283;com.wbwar.creeper.Terrain_terrain0Image
80;ThorEngineSound
284;com.wbwar.creeper.Totem_bodyImage
133;CellRenderer_overSkin
285;com.wbwar.creeper.Terrain_terrain5Image
286;com.wbwar.creeper.BaseGun_bodyImage
287;_class_embed_css_mac_max_up_png_2123596505_820230499
288;com.wbwar.creeper.EnergyStorage_bodyImage
178;MusicOperaHouse
289;com.wbwar.creeper.games.SpecialGame9_gameData
290;com.wbwar.creeper.EnergyAmp_bodyImage
291;com.wbwar.creeper.games.Game14_gameData
54;spark.skins.spark.windowChrome.MacCloseButtonSkin__embed_mxml________________assets_mac_close_up_png_1796546990
292;_class_embed_css_win_min_up_png__1387304578_2105542264
293;com.wbwar.creeper.ThorsHammer_bodyImage
294;com.wbwar.creeper.games.SpecialGame6_gameData
295;com.wbwar.creeper.Node_bodyImage
70;MoveSound
296;_class_embed_css_win_min_over_png__1022154441_1513349023
121;fl.controls.dataGridClasses.HeaderRenderer
297;_class_embed_css_win_max_over_png__1496580507_1185536145
15;mx.graphics.shaderClasses.SoftLightShader_ShaderClass
298;com.wbwar.creeper.games.Game8_gameData
51;spark.skins.spark.windowChrome.RestoreButtonSkin__embed_mxml________________assets_win_restore_over_png_1985754978
44;spark.skins.spark.windowChrome.CloseButtonSkin__embed_mxml________________assets_win_close_down_png_1839218914
299;_class_embed_css_win_restore_down_png__1331369015_77111821
